Actual,Predicted
orange,orange
banana,banana
cotton,cotton
maize,maize
orange,orange
chickpea,chickpea
rice,rice
blackgram,blackgram
banana,banana
orange,orange
watermelon,watermelon
pomegranate,pomegranate
watermelon,watermelon
maize,maize
mothbeans,mothbeans
grapes,grapes
grapes,grapes
mango,mango
mango,mango
apple,apple
blackgram,blackgram
apple,apple
mothbeans,mothbeans
kidneybeans,kidneybeans
apple,apple
jute,jute
mothbeans,mothbeans
watermelon,watermelon
rice,jute
coffee,coffee
mango,mango
jute,jute
banana,banana
coffee,coffee
jute,jute
blackgram,blackgram
grapes,grapes
grapes,grapes
blackgram,blackgram
jute,jute
coconut,coconut
papaya,papaya
mango,mango
maize,maize
lentil,lentil
jute,jute
cotton,cotton
lentil,lentil
chickpea,chickpea
mungbean,mungbean
papaya,papaya
pomegranate,pomegranate
pigeonpeas,pigeonpeas
watermelon,watermelon
mango,mango
blackgram,blackgram
papaya,papaya
papaya,papaya
coffee,coffee
lentil,lentil
lentil,lentil
mothbeans,mothbeans
coffee,coffee
banana,banana
papaya,papaya
rice,rice
orange,orange
coconut,coconut
blackgram,blackgram
pomegranate,pomegranate
banana,banana
muskmelon,muskmelon
watermelon,watermelon
lentil,lentil
banana,banana
coconut,coconut
mothbeans,mothbeans
mungbean,mungbean
mungbean,mungbean
mango,mango
coffee,coffee
watermelon,watermelon
muskmelon,muskmelon
kidneybeans,kidneybeans
mango,mango
pomegranate,pomegranate
orange,orange
cotton,cotton
coconut,coconut
papaya,jute
mothbeans,mothbeans
mungbean,mungbean
mothbeans,mothbeans
cotton,cotton
jute,jute
grapes,grapes
cotton,cotton
chickpea,chickpea
jute,jute
watermelon,watermelon
muskmelon,muskmelon
pomegranate,pomegranate
orange,orange
pigeonpeas,pigeonpeas
pigeonpeas,pigeonpeas
grapes,grapes
kidneybeans,kidneybeans
lentil,lentil
rice,rice
rice,rice
apple,apple
mungbean,mungbean
mungbean,mungbean
grapes,grapes
rice,rice
muskmelon,muskmelon
blackgram,blackgram
lentil,lentil
banana,banana
orange,orange
orange,orange
chickpea,chickpea
maize,maize
mango,mango
maize,maize
lentil,lentil
banana,banana
pomegranate,pomegranate
coconut,coconut
mungbean,mungbean
cotton,cotton
chickpea,chickpea
jute,jute
mungbean,mungbean
mothbeans,mothbeans
maize,maize
apple,apple
chickpea,chickpea
rice,rice
maize,maize
cotton,cotton
jute,jute
pomegranate,pomegranate
mango,mango
rice,jute
papaya,papaya
banana,banana
orange,orange
pigeonpeas,pigeonpeas
lentil,lentil
maize,maize
chickpea,chickpea
cotton,cotton
watermelon,watermelon
mothbeans,mothbeans
maize,maize
pigeonpeas,kidneybeans
muskmelon,muskmelon
apple,apple
mungbean,mungbean
blackgram,blackgram
chickpea,chickpea
maize,maize
maize,maize
kidneybeans,kidneybeans
coffee,coffee
orange,orange
maize,maize
grapes,grapes
pomegranate,pomegranate
apple,apple
coconut,coconut
muskmelon,muskmelon
grapes,grapes
cotton,cotton
lentil,lentil
pigeonpeas,pigeonpeas
chickpea,chickpea
blackgram,blackgram
mothbeans,mothbeans
apple,apple
muskmelon,muskmelon
cotton,cotton
watermelon,watermelon
muskmelon,muskmelon
watermelon,watermelon
orange,orange
watermelon,watermelon
coffee,coffee
kidneybeans,kidneybeans
apple,apple
chickpea,chickpea
blackgram,blackgram
coffee,coffee
muskmelon,muskmelon
coffee,coffee
apple,apple
grapes,grapes
jute,jute
papaya,papaya
coconut,coconut
grapes,grapes
watermelon,watermelon
mungbean,mungbean
pomegranate,pomegranate
pigeonpeas,pigeonpeas
mungbean,mungbean
lentil,lentil
papaya,papaya
muskmelon,muskmelon
chickpea,chickpea
apple,apple
maize,maize
chickpea,chickpea
banana,banana
pomegranate,pomegranate
pomegranate,pomegranate
maize,maize
orange,orange
jute,jute
cotton,cotton
cotton,cotton
maize,maize
grapes,grapes
mungbean,mungbean
lentil,lentil
pigeonpeas,pigeonpeas
papaya,papaya
mungbean,mungbean
apple,apple
banana,banana
rice,jute
chickpea,chickpea
maize,maize
rice,rice
orange,orange
blackgram,blackgram
coconut,coconut
rice,rice
grapes,grapes
kidneybeans,kidneybeans
cotton,cotton
mungbean,mungbean
mungbean,mungbean
coconut,coconut
apple,apple
lentil,lentil
papaya,papaya
pomegranate,pomegranate
chickpea,chickpea
kidneybeans,kidneybeans
kidneybeans,kidneybeans
pigeonpeas,pigeonpeas
jute,jute
muskmelon,muskmelon
pomegranate,pomegranate
blackgram,blackgram
chickpea,chickpea
muskmelon,muskmelon
mango,mango
chickpea,chickpea
watermelon,watermelon
chickpea,chickpea
pomegranate,pomegranate
mango,mango
mothbeans,lentil
cotton,cotton
jute,jute
apple,apple
kidneybeans,kidneybeans
coconut,coconut
papaya,papaya
coffee,coffee
kidneybeans,kidneybeans
coconut,coconut
coconut,coconut
blackgram,blackgram
lentil,lentil
kidneybeans,kidneybeans
mungbean,mungbean
coffee,coffee
cotton,cotton
grapes,grapes
coffee,coffee
blackgram,blackgram
mothbeans,mothbeans
lentil,lentil
watermelon,watermelon
pomegranate,pomegranate
apple,apple
orange,orange
mango,mango
jute,jute
banana,banana
lentil,lentil
mungbean,mungbean
blackgram,blackgram
mothbeans,mothbeans
watermelon,watermelon
pigeonpeas,pigeonpeas
lentil,lentil
banana,banana
apple,apple
banana,banana
watermelon,watermelon
blackgram,blackgram
kidneybeans,kidneybeans
rice,rice
papaya,papaya
banana,banana
kidneybeans,kidneybeans
banana,banana
muskmelon,muskmelon
muskmelon,muskmelon
orange,orange
maize,maize
banana,banana
pigeonpeas,blackgram
jute,jute
apple,apple
lentil,lentil
muskmelon,muskmelon
coconut,coconut
papaya,papaya
jute,jute
cotton,cotton
orange,orange
orange,orange
blackgram,blackgram
pigeonpeas,pigeonpeas
mango,mango
muskmelon,muskmelon
jute,jute
muskmelon,muskmelon
papaya,papaya
mango,mango
chickpea,chickpea
pigeonpeas,pigeonpeas
pomegranate,pomegranate
watermelon,watermelon
rice,rice
mungbean,mungbean
watermelon,watermelon
apple,apple
rice,jute
banana,banana
jute,jute
kidneybeans,kidneybeans
pigeonpeas,pigeonpeas
mungbean,mungbean
mothbeans,mothbeans
kidneybeans,kidneybeans
mothbeans,mothbeans
rice,rice
blackgram,blackgram
coffee,coffee
coffee,coffee
grapes,grapes
pomegranate,pomegranate
pomegranate,pomegranate
pigeonpeas,pigeonpeas
pomegranate,pomegranate
mango,mango
coconut,coconut
pigeonpeas,pigeonpeas
mothbeans,mothbeans
cotton,cotton
cotton,cotton
banana,banana
rice,jute
watermelon,watermelon
muskmelon,muskmelon
kidneybeans,kidneybeans
kidneybeans,kidneybeans
coffee,coffee
pigeonpeas,pigeonpeas
mungbean,mungbean
chickpea,chickpea
rice,jute
grapes,grapes
muskmelon,muskmelon
cotton,cotton
mango,mango
kidneybeans,kidneybeans
chickpea,chickpea
maize,cotton
maize,maize
papaya,papaya
mothbeans,mothbeans
kidneybeans,kidneybeans
pigeonpeas,pigeonpeas
pomegranate,pomegranate
coffee,coffee
blackgram,blackgram
lentil,lentil
muskmelon,muskmelon
mothbeans,mothbeans
papaya,papaya
rice,rice
pigeonpeas,pigeonpeas
grapes,grapes
blackgram,blackgram
mango,mango
coffee,coffee
orange,orange
coconut,coconut
rice,rice
kidneybeans,kidneybeans
papaya,papaya
coffee,coffee
watermelon,watermelon
mothbeans,mothbeans
apple,apple
lentil,lentil
papaya,papaya
coconut,coconut
papaya,papaya
coffee,coffee
coconut,coconut
jute,jute
coconut,coconut
coffee,coffee
rice,rice
orange,orange
mango,mango
orange,orange
coconut,coconut
coconut,coconut
grapes,grapes
cotton,cotton
banana,banana
grapes,grapes
mango,mango
mango,mango
mothbeans,mothbeans
maize,cotton
apple,apple
jute,jute
grapes,grapes
pigeonpeas,kidneybeans
